<?xml version="1.0" ?>
<XML_DIZ_INFO>
	<MASTER_PAD_VERSION_INFO>
		<MASTER_PAD_VERSION>3.11</MASTER_PAD_VERSION>
		<MASTER_PAD_EDITOR>PADGen 3.1.1.47 http://www.padgen.org</MASTER_PAD_EDITOR>
		<MASTER_PAD_INFO>Portable Application Description, or PAD for short, is a data set that is used by shareware authors to disseminate information to anyone interested in their software products. To find out more go to http://pad.asp-software.org</MASTER_PAD_INFO>
	</MASTER_PAD_VERSION_INFO>
	<Company_Info>
		<Company_Name>WaveBreak Software</Company_Name>
		<Address_1>P.O. Box 2181</Address_1>
		<Address_2 />
		<City_Town>Goose Creek</City_Town>
		<State_Province>SC</State_Province>
		<Zip_Postal_Code>29445</Zip_Postal_Code>
		<Country>USA</Country>
		<Company_WebSite_URL>http://www.wb-software.com</Company_WebSite_URL>
		<Contact_Info>
			<Author_First_Name>WaveBreak</Author_First_Name>
			<Author_Last_Name>Software</Author_Last_Name>
			<Author_Email>wbsoftware@ymail.com</Author_Email>
			<Contact_First_Name>WaveBreak</Contact_First_Name>
			<Contact_Last_Name>Software</Contact_Last_Name>
			<Contact_Email>wbsoftware@ymail.com</Contact_Email>
		</Contact_Info>
		<Support_Info>
			<Sales_Email>wbsoftware@ymail.com</Sales_Email>
			<Support_Email>wbsoftware@ymail.com</Support_Email>
			<General_Email>wbsoftware@ymail.com</General_Email>
			<Sales_Phone />
			<Support_Phone />
			<General_Phone />
			<Fax_Phone />
		</Support_Info>
	</Company_Info>
	<Program_Info>
		<Program_Name>Swan Lake Screensaver</Program_Name>
		<Program_Version>1.0.3</Program_Version>
		<Program_Release_Month>01</Program_Release_Month>
		<Program_Release_Day>19</Program_Release_Day>
		<Program_Release_Year>2011</Program_Release_Year>
		<Program_Cost_Dollars>0.00</Program_Cost_Dollars>
		<Program_Cost_Other_Code />
		<Program_Cost_Other />
		<Program_Type>Freeware</Program_Type>
		<Program_Release_Status>Minor Update</Program_Release_Status>
		<Program_Install_Support>Install and Uninstall</Program_Install_Support>
		<Program_OS_Support>Win2000,Win7 x32,Win7 x64,Win98,WinVista,WinVista x64,WinXP</Program_OS_Support>
		<Program_Language>English</Program_Language>
		<Program_Change_Info />
		<Program_Specific_Category>Screen Savers</Program_Specific_Category>
		<Program_Category_Class>Desktop::Screen Savers: Nature</Program_Category_Class>
		<Program_System_Requirements />
		<File_Info>
			<File_Size_Bytes>2200000</File_Size_Bytes>
			<File_Size_K>2148</File_Size_K>
			<File_Size_MB>2.10</File_Size_MB>
		</File_Info>
		<Expire_Info>
			<Has_Expire_Info>N</Has_Expire_Info>
			<Expire_Count />
			<Expire_Based_On>Days</Expire_Based_On>
			<Expire_Other_Info />
			<Expire_Month />
			<Expire_Day />
			<Expire_Year />
		</Expire_Info>
	</Program_Info>
	<Program_Descriptions>
		<English>
			<Keywords>screen saver, screensaver, swans, nature, mountain, lake, outdoors, fish, water</Keywords>
			<Char_Desc_45>Graceful swans swim lazily in a peaceful lake</Char_Desc_45>
			<Char_Desc_80>Watch peacefully as graceful swans float lazily around a tranquil mountain lake.</Char_Desc_80>
			<Char_Desc_250>This beautiful screensaver will help you relax after (and even during!) a hard day's work.  Watch peacefully as families of graceful swans and other creatures float lazily around the shores of a pristine mountain lake.</Char_Desc_250>
			<Char_Desc_450>This beautiful screensaver will help you relax after (and even during!) a hard day's work.  Watch peacefully as families of graceful swans and other creatures float lazily around the shores of a pristine mountain lake.  Hear soothing sounds of nature accompanied by the soft melody of "The Swan", one of the most beautiful songs ever written.  You've earned a break!  Download your free copy today!</Char_Desc_450>
			<Char_Desc_2000>The beautiful Swan Lake Screensaver provides a tranquil, relaxing atmosphere in your home or office during the times that your computer is not otherwise being used.  Watch peacefully as families of graceful swans float lazily around the shores of a pristine mountain lake, modeled after the scenic views of the Rocky Mountains of Colorado, USA.  Listen to soothing sounds of nature accompanied by the soft melody of "Le Cygne (The Swan)" by French composer Camille Saint-Saens, one of the most beautiful songs ever written.  Swimming turtles, splashing fish, chirping songbirds, darting dragonflies, and soaring eagles complete the ambiance and make Swan Lake one of the most wonderfully refreshing screensavers ever created.

The lake scene is fully customizable, depending upon your preferences, by means of an easy-to-use configuration menu.  As with all WaveBreak Software products, this screensaver contains NO ADWARE, NO SPYWARE, or other HIDDEN SOFTWARE, which are common annoyances found in many of the "free" screensavers and games that are available for download today.  Our software is of the highest quality, and we at WaveBreak Software refuse to bombard the public with these nuisances.</Char_Desc_2000>
		</English>
	</Program_Descriptions>
	<Web_Info>
		<Application_URLs>
			<Application_Info_URL>http://www.wb-software.com/swanlake.htm</Application_Info_URL>
			<Application_Order_URL>http://www.wb-software.com/swanlake.htm</Application_Order_URL>
			<Application_Screenshot_URL>http://www.wb-software.com/resources/swanlake/scrnshot.jpg</Application_Screenshot_URL>
			<Application_Icon_URL>http://www.wb-software.com/resources/swanlake/appicon.gif</Application_Icon_URL>
			<Application_XML_File_URL>http://www.wb-software.com/resources/swanlake/pad_file.xml</Application_XML_File_URL>
		</Application_URLs>
		<Download_URLs>
			<Primary_Download_URL>http://www.wb-software.com/downloads/swanlake.exe</Primary_Download_URL>
			<Secondary_Download_URL>http://www.wb-software.com/downloads/swanlake.zip</Secondary_Download_URL>
			<Additional_Download_URL_1 />
			<Additional_Download_URL_2 />
		</Download_URLs>
	</Web_Info>
	<Permissions>
		<Distribution_Permissions />
		<EULA>Swan Lake Screensaver

END-USER LICENSE AGREEMENT
--------------------------

IMPORTANT--READ THESE TERMS CAREFULLY BEFORE INSTALLING THIS SOFTWARE.  BY INSTALLING AND USING THIS SOFTWARE, YOU ACKNOWLEDGE THAT YOU HAVE READ AND UNDERSTAND THIS LICENSE AGREEMENT AND THAT YOU AGREE TO BE BOUND BY ITS TERMS.  IF YOU DO NOT AGREE TO THE TERMS AND CONDITIONS OF THIS LICENSE AGREEMENT, YOU ARE REQUIRED TO EXIT THIS SETUP PROGRAM WITHOUT INSTALLING OR USING THE SOFTWARE.

A. GRANT OF LICENSE

WaveBreak Software grants users of this Software a non-exclusive, non-transferable license to use the Software with which this License Agreement is distributed, including any Documentation accompanying the Software, provided that:
  (i) the Software and all related files are not modified in any way;
  (ii) all copyright notices are maintained on the Software; and
  (iii) you agree to be bound by the terms of this License Agreement.

B. OWNERSHIP

You have no ownership rights in the Software.  Rather, you have a license to use the Software as long as this License Agreement remains in full force and effect.  Ownership of the Software, Documentation and all Intellectual Property rights therein shall remain at all times with WaveBreak Software.  Any other use of the Software by any person, business, corporation, government organization or any other entity is strictly forbidden and is a violation of this License Agreement.

C. COPYRIGHT

The Software and Documentation contain material that is protected by United States Copyright Law and Trade Secret Law, and by international treaty provisions.  All rights not granted to you herein are expressly reserved by WaveBreak Software.  You may not remove any proprietary notice of WaveBreak Software from any copy of the Software or Documentation. 

D. RESTRICTIONS

You may not publish, display, disclose, rent, lease, modify, loan, distribute, or create derivative works based on the Software or any part thereof.  You may not reverse engineer, decompile, translate, adapt, or disassemble the Software, nor shall you attempt to create the source code from the object code of the Software.

E. CONFIDENTIALITY

You acknowledge that the Software contains proprietary trade secrets of WaveBreak Software and you hereby agree to maintain the confidentiality of the Software using at least as great a degree of care as you use to maintain the confidentiality of your own most confidential information.  You agree to reasonably communicate the terms and conditions of this License Agreement to those persons employed by you who come into contact with the Software, and to use reasonable best efforts to ensure their compliance with such terms and conditions, including, without limitation, not knowingly permitting such persons to use any portion of the Software for the purpose of deriving the source code of the Software or defeating the registration requirement.

F. LIMITATION OF LIABILITY

THIS SOFTWARE IS SOLD AS IS AND WITHOUT WARRANTY OF ANY KIND, EXPRESSED, IMPLIED OR OTHERWISE, INCLUDING WITHOUT LIMITATION, ANY WARRANTY OF MERCHANTABILITY OR FITNESS FOR A PARTICULAR PURPOSE.

IN NO EVENT SHALL THE OWNER(S) AND/OR EMPLOYEES OF WAVEBREAK SOFTWARE BE LIABLE FOR ANY SPECIAL, INDIRECT OR CONSEQUENTIAL DAMAGES OR ANY DAMAGES WHATSOEVER RESULTING FROM LOSS OF USE, DATA OR PROFITS, WHETHER IN AN ACTION OF CONTRACT, NEGLIGENCE OR OTHER TORTIOUS ACTION, ARISING OUT OF OR IN CONNECTION WITH THE USE OR PERFORMANCE OF THIS SOFTWARE.

THE END USER ASSUMES THE ENTIRE RISK OF USING THIS SOFTWARE.  ANY LIABILITY OF THE SELLER WILL BE LIMITED EXCLUSIVELY TO PRODUCT REPLACEMENT OR REFUND OF THE PURCHASE PRICE.

G. TERMINATION

This License Agreement is effective until it is terminated.  You may terminate this License Agreement at any time by destroying or otherwise removing from your computer all copies of the Software and Documentation in your possession or under your control.  WaveBreak Software may terminate this License Agreement for any reason, including, but not limited to, if WaveBreak Software finds that you have violated any of the terms of this License Agreement.  Upon notification of termination, you agree to destroy or otherwise remove from your computer all copies of the Software and Documentation and to certify in writing that all known copies, including backup copies, have been destroyed.  All provisions relating to confidentiality, proprietary rights, and non-disclosure shall survive the termination of this License Agreement.

H. GENERAL

This License Agreement shall be construed, interpreted and governed by the laws of the United States of America without regard to conflicts of law provisions thereof.  The exclusive forum for any disputes arising out of or relating to this License Agreement shall be an appropriate court sitting in Berkeley County, South Carolina, USA.  This License Agreement shall constitute the entire Agreement between the parties hereto.  Any waiver or modification of this License Agreement shall only be effective if it is in writing and signed by both parties hereto.  If any part of this License Agreement is found invalid or unenforceable by a court of competent jurisdiction, the remainder of this License Agreement shall be interpreted so as to reasonably effect the intention of the parties hereto.

Copyright (c) 2005-2011 WaveBreak Software

Updated January 19, 2011</EULA>
	</Permissions>
</XML_DIZ_INFO>
